<?xml version="1.0" encoding="UTF-8"?>
<GenRun Id="impl_1" LaunchPart="xc7k70tfbv676-1" LaunchTime="1637141806">
  <File Type="ROUTE-PWR" Name="cpu_power_routed.rpt"/>
  <File Type="PA-TCL" Name="cpu.tcl"/>
  <File Type="BITSTR-MMI" Name="cpu.mmi"/>
  <File Type="OPT-METHODOLOGY-DRC" Name="cpu_methodology_drc_opted.rpt"/>
  <File Type="INIT-TIMING" Name="cpu_timing_summary_init.rpt"/>
  <File Type="ROUTE-PWR-SUM" Name="cpu_power_summary_routed.pb"/>
  <File Type="REPORTS-TCL" Name="cpu_reports.tcl"/>
  <File Type="OPT-TIMING" Name="cpu_timing_summary_opted.rpt"/>
  <File Type="OPT-DCP" Name="cpu_opt.dcp"/>
  <File Type="OPT-DRC" Name="cpu_drc_opted.rpt"/>
  <File Type="OPT-HWDEF" Name="cpu.hwdef"/>
  <File Type="PWROPT-DCP" Name="cpu_pwropt.dcp"/>
  <File Type="PWROPT-DRC" Name="cpu_drc_pwropted.rpt"/>
  <File Type="PWROPT-TIMING" Name="cpu_timing_summary_pwropted.rpt"/>
  <File Type="PLACE-DCP" Name="cpu_placed.dcp"/>
  <File Type="PLACE-IO" Name="cpu_io_placed.rpt"/>
  <File Type="PLACE-CLK" Name="cpu_clock_utilization_placed.rpt"/>
  <File Type="PLACE-UTIL" Name="cpu_utilization_placed.rpt"/>
  <File Type="PLACE-UTIL-PB" Name="cpu_utilization_placed.pb"/>
  <File Type="PLACE-CTRL" Name="cpu_control_sets_placed.rpt"/>
  <File Type="PLACE-SIMILARITY" Name="cpu_incremental_reuse_placed.rpt"/>
  <File Type="PLACE-PRE-SIMILARITY" Name="cpu_incremental_reuse_pre_placed.rpt"/>
  <File Type="BG-BIN" Name="cpu.bin"/>
  <File Type="PLACE-TIMING" Name="cpu_timing_summary_placed.rpt"/>
  <File Type="POSTPLACE-PWROPT-DCP" Name="cpu_postplace_pwropt.dcp"/>
  <File Type="BITSTR-MSK" Name="cpu.msk"/>
  <File Type="POSTPLACE-PWROPT-TIMING" Name="cpu_timing_summary_postplace_pwropted.rpt"/>
  <File Type="PHYSOPT-DCP" Name="cpu_physopt.dcp"/>
  <File Type="PHYSOPT-DRC" Name="cpu_drc_physopted.rpt"/>
  <File Type="BITSTR-RBT" Name="cpu.rbt"/>
  <File Type="PHYSOPT-TIMING" Name="cpu_timing_summary_physopted.rpt"/>
  <File Type="ROUTE-ERROR-DCP" Name="cpu_routed_error.dcp"/>
  <File Type="ROUTE-DCP" Name="cpu_routed.dcp"/>
  <File Type="ROUTE-BLACKBOX-DCP" Name="cpu_routed_bb.dcp"/>
  <File Type="ROUTE-DRC" Name="cpu_drc_routed.rpt"/>
  <File Type="ROUTE-DRC-PB" Name="cpu_drc_routed.pb"/>
  <File Type="ROUTE-DRC-RPX" Name="cpu_drc_routed.rpx"/>
  <File Type="ROUTE-METHODOLOGY-DRC" Name="cpu_methodology_drc_routed.rpt"/>
  <File Type="ROUTE-METHODOLOGY-DRC-RPX" Name="cpu_methodology_drc_routed.rpx"/>
  <File Type="ROUTE-METHODOLOGY-DRC-PB" Name="cpu_methodology_drc_routed.pb"/>
  <File Type="ROUTE-PWR-RPX" Name="cpu_power_routed.rpx"/>
  <File Type="ROUTE-STATUS" Name="cpu_route_status.rpt"/>
  <File Type="ROUTE-STATUS-PB" Name="cpu_route_status.pb"/>
  <File Type="ROUTE-TIMINGSUMMARY" Name="cpu_timing_summary_routed.rpt"/>
  <File Type="ROUTE-TIMING-PB" Name="cpu_timing_summary_routed.pb"/>
  <File Type="ROUTE-TIMING-RPX" Name="cpu_timing_summary_routed.rpx"/>
  <File Type="ROUTE-SIMILARITY" Name="cpu_incremental_reuse_routed.rpt"/>
  <File Type="ROUTE-CLK" Name="cpu_clock_utilization_routed.rpt"/>
  <File Type="ROUTE-BUS-SKEW" Name="cpu_bus_skew_routed.rpt"/>
  <File Type="ROUTE-BUS-SKEW-PB" Name="cpu_bus_skew_routed.pb"/>
  <File Type="ROUTE-BUS-SKEW-RPX" Name="cpu_bus_skew_routed.rpx"/>
  <File Type="POSTROUTE-PHYSOPT-DCP" Name="cpu_postroute_physopt.dcp"/>
  <File Type="POSTROUTE-PHYSOPT-BLACKBOX-DCP" Name="cpu_postroute_physopt_bb.dcp"/>
  <File Type="POSTROUTE-PHYSOPT-TIMING" Name="cpu_timing_summary_postroute_physopted.rpt"/>
  <File Type="POSTROUTE-PHYSOPT-TIMING-PB" Name="cpu_timing_summary_postroute_physopted.pb"/>
  <File Type="POSTROUTE-PHYSOPT-TIMING-RPX" Name="cpu_timing_summary_postroute_physopted.rpx"/>
  <File Type="POSTROUTE-PHYSOPT-BUS-SKEW" Name="cpu_bus_skew_postroute_physopted.rpt"/>
  <File Type="BG-BIT" Name="cpu.bit"/>
  <File Type="POSTROUTE-PHYSOPT-BUS-SKEW-PB" Name="cpu_bus_skew_postroute_physopted.pb"/>
  <File Type="POSTROUTE-PHYSOPT-BUS-SKEW-RPX" Name="cpu_bus_skew_postroute_physopted.rpx"/>
  <File Type="BITSTR-NKY" Name="cpu.nky"/>
  <File Type="BITSTR-BMM" Name="cpu_bd.bmm"/>
  <File Type="PDI-FILE" Name="cpu.pdi"/>
  <File Type="RCFI_FILE" Name="cpu.rcfi"/>
  <File Type="CFI_FILE" Name="cpu.cfi"/>
  <File Type="RNPI_FILE" Name="cpu.rnpi"/>
  <File Type="NPI_FILE" Name="cpu.npi"/>
  <File Type="RBD_FILE" Name="cpu.rbd"/>
  <File Type="BITSTR-LTX" Name="debug_nets.ltx"/>
  <File Type="BITSTR-LTX" Name="cpu.ltx"/>
  <File Type="BITSTR-SYSDEF" Name="cpu.sysdef"/>
  <File Type="BG-BGN" Name="cpu.bgn"/>
  <File Type="BG-DRC" Name="cpu.drc"/>
  <File Type="RDI-RDI" Name="cpu.vdi"/>
  <File Type="WBT-USG" Name="usage_statistics_webtalk.html"/>
  <FileSet Name="sources" Type="DesignSrcs" RelSrcDir="$PSRCDIR/sources_1" RelGenDir="$PGENDIR/sources_1">
    <Filter Type="Srcs"/>
    <File Path="$PSRCDIR/sources_1/new/alu.vhd">
      <FileInfo>
        <Attr Name="UsedIn" Val="synthesis"/>
        <Attr Name="UsedIn" Val="simulation"/>
      </FileInfo>
    </File>
    <File Path="$PSRCDIR/sources_1/new/cu.vhd">
      <FileInfo>
        <Attr Name="UsedIn" Val="synthesis"/>
        <Attr Name="UsedIn" Val="simulation"/>
      </FileInfo>
    </File>
    <File Path="$PSRCDIR/sources_1/new/mux.vhd">
      <FileInfo>
        <Attr Name="UsedIn" Val="synthesis"/>
        <Attr Name="UsedIn" Val="simulation"/>
      </FileInfo>
    </File>
    <File Path="$PSRCDIR/sources_1/new/reg.vhd">
      <FileInfo>
        <Attr Name="UsedIn" Val="synthesis"/>
        <Attr Name="UsedIn" Val="simulation"/>
      </FileInfo>
    </File>
    <File Path="$PSRCDIR/sources_1/new/cpu.vhd">
      <FileInfo>
        <Attr Name="UsedIn" Val="synthesis"/>
        <Attr Name="UsedIn" Val="simulation"/>
      </FileInfo>
    </File>
    <File Path="$PSRCDIR/sources_1/new/cpu_tb.vhd">
      <FileInfo>
        <Attr Name="AutoDisabled" Val="1"/>
        <Attr Name="UsedIn" Val="synthesis"/>
        <Attr Name="UsedIn" Val="simulation"/>
      </FileInfo>
    </File>
    <Config>
      <Option Name="DesignMode" Val="RTL"/>
      <Option Name="TopModule" Val="cpu"/>
    </Config>
  </FileSet>
  <FileSet Name="constrs_in" Type="Constrs" RelSrcDir="$PSRCDIR/constrs_1">
    <Filter Type="Constrs"/>
    <Config>
      <Option Name="ConstrsType" Val="XDC"/>
    </Config>
  </FileSet>
  <FileSet Name="utils" Type="Utils" RelSrcDir="$PSRCDIR/utils_1">
    <Filter Type="Utils"/>
    <Config>
      <Option Name="TopAutoSet" Val="TRUE"/>
    </Config>
  </FileSet>
  <Strategy Version="1" Minor="2">
    <StratHandle Name="Vivado Implementation Defaults" Flow="Vivado Implementation 2021"/>
    <Step Id="init_design"/>
    <Step Id="opt_design"/>
    <Step Id="power_opt_design"/>
    <Step Id="place_design"/>
    <Step Id="post_place_power_opt_design"/>
    <Step Id="phys_opt_design"/>
    <Step Id="route_design"/>
    <Step Id="post_route_phys_opt_design"/>
    <Step Id="write_bitstream"/>
  </Strategy>
</GenRun>
